{
  "0": [
    [0, 0, 0],
    [1, 96.63930830411186, 100.63617764580441],
    [2, 93.0903318814477, 138.29735607302973],
    [2, 82.98009553360282, 170.22499112093513],
    [2, 67.84686699649217, 191.55838351568534],
    [2, 49.99615811018498, 199.04963400376363],
    [2, 31.843087015344167, 191.3158134338892],
    [2, 17.01600021437389, 170.22499112093513],
    [2, 7.019149694728981, 138.94308836462946],
    [2, 3.3530079162580932, 100.63617764580441],
    [2, 7.019149694728981, 62.32915354115116],
    [2, 17.01600021437389, 31.047137399017288],
    [2, 31.843087015344167, 9.956617448271771],
    [2, 49.99615811018498, 2.2225701067409034],
    [2, 67.84686699649217, 9.713971775923511],
    [2, 82.98009553360282, 31.047137399017288],
    [2, 93.0903318814477, 62.97507480913123],
    [2, 96.63930830411186, 100.63617764580441],
    [2, 96.63930830411186, 100.63617764580441],
    [3, 0, 0
    ]
  ],
  "1": [
    [0, 0, 0],
    [1, 42.31691391895083, 18.0017955023838],
    [2, 57.67846371878056, 2.1864416023487365],
    [2, 57.67846371878056, 199.08793838219898],
    [3, 0, 0
    ]
  ],
  "2": [
    [0, 0, 0],
    [1, 96.09505632875118, 199.08792061841922],
    [2, 3.9010394192254125, 199.08792061841922],
    [2, 7.861984351016645, 183.7738794806054],
    [2, 18.30481912824871, 166.59290288620036],
    [2, 49.99615811018498, 128.44227563391115],
    [2, 81.691276619728, 88.26011449776023],
    [2, 92.13411139695995, 68.53929535167228],
    [2, 96.09505632875118, 49.670003775367306],
    [2, 92.59899329258042, 29.441972024464093],
    [2, 83.3845049875166, 14.82691672222802],
    [2, 70.35269379971498, 5.776837868054287],
    [2, 55.41222117054451, 2.2437354613382468],
    [2, 40.47552806898068, 4.1799874542358],
    [2, 27.443716881179057, 11.537593846142244],
    [2, 18.225449048508494, 24.268932589213506],
    [2, 14.72938601233784, 42.32638163560553],
    [3, 0, 0
    ]
  ],
  "3": [
    [0, 0, 0],
    [1, 13.674897810076686, 2.2203023901768972],
    [2, 95.01411143324322, 2.2203023901768972],
    [2, 30.913323224103124, 85.68323257553193],
    [2, 53.48844161874899, 87.75441370398762],
    [2, 70.88560719225563, 93.50042952440954],
    [2, 83.51678845375022, 102.21866585471753],
    [2, 91.80529249517974, 113.20764237111348],
    [2, 96.15552877045809, 125.76500945844967],
    [2, 96.98702484392572, 139.18902222599553],
    [2, 94.71552875231646, 152.77755783025978],
    [2, 89.75300900475747, 165.82867484507625],
    [2, 82.51143411037583, 177.64038648994756],
    [2, 73.4103316335121, 187.51066063004492],
    [2, 62.86167008329335, 194.7375331620366],
    [2, 51.27741796884675, 198.61899462825954],
    [2, 39.07710285451276, 198.4530355710506],
    [2, 26.66891372181192, 193.5377221232989],
    [2, 14.476157662691207, 183.1710070320653],
    [2, 2.903244131064639, 166.65091863496275],
    [3, 0, 0
    ]
  ],
  "4": [
    [0, 0, 0],
    [1, 76.81375844804302, 198.75783028355195],
    [2, 76.81375844804302, 2.1864416023487365],
    [2, 10.116283592015634, 150.46389581685946],
    [2, 90.37315389445985, 150.46389581685946],
    [3, 0, 0
    ]
  ],
  "5": [
    [0, 0, 0],
    [1, 82.74576482198916, 2.1749480588968595],
    [2, 24.832063304969438, 2.1749480588968595],
    [2, 17.590488410587795, 75.27441354676],
    [2, 36.18576423540901, 67.0478937580799],
    [2, 52.09001640428062, 65.4601142105174],
    [2, 65.36749688651582, 69.55447646682411],
    [2, 76.08245765142817, 78.37438208975155],
    [2, 84.30670972354426, 90.96361059481198],
    [2, 90.10072554457076, 106.36556354475698],
    [2, 93.52875708382146, 123.6236425023381],
    [2, 94.65505631060944, 141.78106005392658],
    [2, 91.61631611484597, 161.5312121137699],
    [2, 83.44119790161653, 178.00552665202804],
    [2, 71.53568594060289, 190.2969283816828],
    [2, 57.30576450148658, 197.4982513070534],
    [2, 42.16497690916253, 198.70240880253877],
    [2, 34.69285083077398, 196.7720906679837],
    [2, 27.519307433312406, 193.0023142425379],
    [2, 20.818204986684805, 187.27969369800127],
    [2, 14.77474034361785, 179.49080541089762],
    [2, 9.555212718805251, 169.5223391435789],
    [2, 5.341039437367044, 157.26083347729292],
    [3, 0, 0
    ]
  ],
  "6": [
    [0, 0, 0],
    [1, 95.64177783932405, 145.332674070312],
    [2, 92.16552247697774, 165.8988704592897],
    [2, 82.2712926014604, 183.3343982857773],
    [2, 67.46357754983649, 194.98602505443966],
    [2, 49.99734134024709, 199.07521030137093],
    [2, 32.230207263244836, 194.85482124972532],
    [2, 17.723036081542716, 183.3343982857773],
    [2, 7.941023410695834, 166.25239182199232],
    [2, 4.35432083113443, 145.332674070312],
    [2, 7.941023410695834, 124.4129563186317],
    [2, 17.723036081542716, 107.33094985484672],
    [2, 32.230207263244836, 95.81417144102966],
    [2, 49.99734134024709, 91.5901378392532],
    [2, 67.46357754983649, 95.67932308618447],
    [2, 82.2712926014604, 107.33094985484684],
    [2, 92.16552247697769, 124.76647768133432],
    [2, 95.64177783932399, 145.332674070312],
    [2, 95.64177783932399, 145.332674070312],
    [3, 0, 0],
    [0, 0, 0],
    [1, 58.918078115311005, 2.196612227194919],
    [2, 39.547335403743716, 33.142487389131816],
    [2, 21.995077803823335, 66.87279885111809],
    [2, 9.264620029821458, 104.0508547369875],
    [2, 4.354320831134487, 145.332674070312],
    [3, 0, 0
    ]
  ],
  "7": [
    [0, 0, 0],
    [1, 0.8870551292857272, 2.241649162099378],
    [2, 98.79700281948419, 2.241649162099378],
    [2, 39.66602884618396, 199.03273157835386],
    [3, 0, 0
    ]
  ],
  "8": [
    [0, 0, 0],
    [1, 90.17166320757497, 43.12301029811431],
    [2, 87.01508759205933, 59.04898756244063],
    [2, 78.40494800352258, 72.05563074211409],
    [2, 65.63597545714254, 80.82464935110909],
    [2, 49.999334215988824, 84.04142502174557],
    [2, 34.359126222727355, 80.82464935110909],
    [2, 21.5901536763472, 72.05563074211409],
    [2, 12.98001408781056, 59.04898756244063],
    [2, 9.82343847229481, 43.12301029811431],
    [2, 12.98001408781056, 27.19703303378799],
    [2, 21.5901536763472, 14.190389854114414],
    [2, 34.359126222727355, 5.421371245119417],
    [2, 49.999334215988824, 2.2045955744830508],
    [2, 65.63597545714254, 5.421371245119417],
    [2, 78.40494800352258, 14.190389854114414],
    [2, 87.01508759205933, 27.19703303378799],
    [2, 90.17166320757497, 43.12301029811431],
    [2, 90.17166320757497, 43.12301029811431],
    [3, 0, 0],
    [0, 0, 0],
    [1, 98.13265391246887, 141.45499535325177],
    [2, 94.34832992595796, 163.7741306570507],
    [2, 84.03328282983193, 182.00252612399004],
    [2, 68.73191628682355, 194.2931062262959],
    [2, 49.999334215988824, 198.79879543619415],
    [2, 31.263185393046342, 194.2931062262959],
    [2, 15.961818850037844, 182.00252612399004],
    [2, 5.646771753911935, 163.7741306570507],
    [2, 1.8660145195088944, 141.45499535325177],
    [2, 5.529068934350221, 119.51041612069139],
    [2, 15.961818850037844, 100.90746458251351],
    [2, 31.57705957854398, 88.47367186473423],
    [2, 49.99933421598894, 84.11119527030962],
    [2, 68.41804210132591, 88.47367186473423],
    [2, 84.03328282983205, 100.90746458251351],
    [2, 94.46603274551967, 119.51041612069139],
    [2, 98.13265391246898, 141.45499535325177],
    [2, 98.13265391246898, 141.45499535325177],
    [3, 0, 0
    ]
  ],