{
  "0": [
    [0, 0, 0],
    [1, 96.21350672394419, 100.00007559054646],
    [4, 96.21350672394419, 157.15263769640228],
    [5, 75.52301197508882, 198.4128104366856],
    [6, 50.000013228343846, 198.41281950755183],
    [4, 19.99589316530148, 198.41283009022914],
    [5, 3.786519732743386, 154.35193970836215],
    [6, 3.786519732743386, 100.00007559054646],
    [4, 3.786519732743386, 41.72723202175803],
    [5, 24.47701448159887, 1.5873184451944837],
    [6, 50.000013228343846, 1.5873260042496895],
    [4, 78.04365452652985, 1.5873146656668666],
    [5, 96.21350672394419, 45.64820844910871],
    [6, 96.21350672394419, 100.00007559054649],
    [3, 0, 0]
  ],
  "1": [
    [0, 0, 0],
    [1, 42.31691391895083, 18.0017955023838],
    [2, 57.67846371878056, 2.1864416023487365],
    [2, 57.67846371878056, 199.08793838219898],
    [3, 0, 0]
  ],
  "2": [
    [0, 0, 0],
    [1, 14.729386012338, 42.326381635606],
    [4, 14.729386012338, 0],
    [5, 96.095056328751, -24.949942991494],
    [6, 96.095056328751, 49.670003775367],
    [4, 94.973443716195, 99.474180780771],
    [5, 3.9010394192254, 167.05212267151],
    [6, 3.9010394192254, 199.08791986251],
    [4, 9.0500410588976, 199.08791986251],
    [5, 96.095056328751, 199.08791986251],
    [6, 96.095056328751, 199.08791986251],
    [3, 0, 0]
  ],
  "3": [
    [0, 0, 0],
    [1, 13.674897810077, 2.2203023901769],
    [2, 95.014111433243, 2.2203023901769],
    [2, 30.913323224103, 85.683232575532],
    [4, 65.677985079404, 85.683232575532],
    [5, 96.987024843925, 94.878362140194],
    [6, 96.987024843925, 139.189022226],
    [4, 96.987024843925, 171.09222867517],
    [5, 47.029417915329, 237.54262220525],
    [6, 2.9032441310643, 166.65092014677],
    [3, 0, 0]
  ],
  "4": [
    [0, 0, 0],
    [1, 76.81375844804302, 198.75783028355195],
    [2, 76.81375844804302, 2.1864416023487365],
    [2, 10.116283592015634, 150.46389581685946],
    [2, 90.37315389445985, 150.46389581685946],
    [3, 0, 0]
  ],
  "5": [
    [0, 0, 0],
    [1, 82.745764821989, 2.1749480588969],
    [2, 24.832063304969, 2.1749480588969],
    [2, 17.590488410588, 75.27441354676],
    [4, 63.733644897428, 50.519509297881],
    [5, 94.655056310609, 80.769933615995],
    [6, 94.655056310609, 141.78106005393],
    [4, 94.655056310609, 202.7921789328],
    [5, 22.875326272444, 222.69972186077],
    [6, 5.341039437367, 157.26083007572],
    [3, 0, 0]
  ],
  "6": [
    [0, 0, 0],
    [1, 96.213483787408, 146.23276861615],
    [4, 96.213483787408, 176.5360002535],
    [5, 75.522967629619, 198.41281331507],
    [6, 49.999960921681, 198.41284976057],
    [4, 19.995859273109, 198.41284976057],
    [5, 3.7864840756274, 175.05102830264],
    [6, 3.7864840756274, 146.23276861615],
    [4, 3.7864840756274, 115.33551175296],
    [5, 24.476978993567, 94.052687471737],
    [6, 49.999960921681, 94.052687471737],
    [4, 78.043606764811, 94.052651026235],
    [5, 96.213483787408, 117.41447248416],
    [6, 96.213483787408, 146.23276861615],
    [3, 0, 0],
    [0, 0, 0],
    [1, 3.7864840756275, 146.23276861615],
    [4, 3.7864840756275, 97.039250522049],
    [5, 41.194981326198, 20.43441487401],
    [6, 58.918078115311, 2.1966122271949],
    [3, 0, 0]
  ],
  "7": [
    [0, 0, 0],
    [1, 0.8870551292857272, 2.241649162099378],
    [2, 98.79700281948419, 2.241649162099378],
    [2, 39.66602884618396, 199.03273157835386],
    [3, 0, 0]
  ],
  "8": [
    [0, 0, 0],
    [1, 89.932690816344, 43.042627627532],
    [4, 89.932690816344, 67.117549597036],
    [5, 72.054238872795, 84.497942774455],
    [6, 50.00004756641, 84.497942774455],
    [4, 24.07379017166, 84.497979495638],
    [5, 10.067439983998, 65.937771415002],
    [6, 10.067439983998, 43.042627627532],
    [4, 10.067439983998, 18.495838450634],
    [5, 27.945891927547, 1.5873124806086],
    [6, 50.00004756641, 1.5873124806086],
    [4, 74.232311715022, 1.5873124806086],
    [5, 89.932690816344, 20.147520561245],
    [6, 89.932690816344, 43.042627627532],
    [3, 0, 0],
    [0, 0, 0],
    [1, 93.836393995907, 141.45536256509],
    [4, 93.836393995907, 174.53303347628],
    [5, 74.210162184431, 198.4128190769],
    [6, 50.00004756641, 198.4128190769],
    [4, 21.539291791288, 198.4128190769],
    [5, 6.1637368044348, 172.9121237174],
    [6, 6.1637368044348, 141.45536256509],
    [4, 6.1637368044348, 107.72930571764],
    [5, 25.78993294839, 84.497906053272],
    [6, 50.00004756641, 84.497906053272],
    [4, 76.601170127502, 84.497906053272],
    [5, 93.836393995907, 109.99863813396],
    [6, 93.836393995907, 141.45536256509],
    [3, 0, 0]
  ],
  "9": [
    [0, 0, 0],
    [1, 3.7865003335619, 54.376695328521],
    [4, 3.7865003335619, 24.073463691175],
    [5, 24.477016712258, 2.196650629605],
    [6, 50.000023692698, 2.1966141841036],
    [4, 80.004125661615, 2.1966141841036],
    [5, 96.213501032159, 25.558435642033],
    [6, 96.213501032159, 54.376695328521],
    [4, 96.213501032159, 85.273952191711],
    [5, 75.523005893313, 106.55677647294],
    [6, 50.000023692698, 106.55677647294],
    [4, 21.956377550154, 106.55681291844],
    [5, 3.7865003335619, 83.19499146051],
    [6, 3.7865003335619, 54.376695328521],
    [3, 0, 0],
    [0, 0, 0],
    [1, 96.213501032159, 54.376695328521],
    [4, 96.213501032159, 103.57021342263],
    [5, 58.805003382189, 180.17504907067],
    [6, 41.081906403852, 198.41285171748],
    [3, 0, 0]
  ],
  "/": [
    [0, 0, 0],
    [1, 12.305726139284047, 199.08793838219898],
    [2, 87.68961370317129, 2.1864416023487365],
    [3, 0, 0]
  ],
  "+": [
    [0, 0, 0],
    [1, 49.99768491661962, 63.56097251510957],
    [2, 49.99768491661962, 155.80994765866407],
    [3, 0, 0],
    [0, 0, 0],
    [1, 94.79867708717916, 109.68544118530474],
    [2, 5.196657776102711, 109.68544118530474],
    [3, 0, 0]
  ],
  "-": [
    [0, 0, 0],
    [1, 94.79867708717916, 109.68544118530474],
    [2, 5.196657776102711, 109.68544118530474],
    [3, 0, 0]
  ],
  ".": [
    [0, 0, 0],
    [1, 58.569589499712, 190.19684789258],
    [4, 58.569589499712, 195.21066355462],
    [5, 54.942295690149, 198.76804211123],
    [6, 49.998382981466, 198.76804211123],
    [4, 45.019570255218, 198.76804211123],
    [5, 41.427211433176, 194.93058171145],
    [6, 41.427211433176, 190.19684789258],
    [4, 41.427211433176, 185.18304303144],
    [5, 45.264639717237, 181.62566087453],
    [6, 49.998382981466, 181.62565007362],
    [4, 54.767131173132, 181.62563927272],
    [5, 58.569589499712, 185.25304729087],
    [6, 58.569589499712, 190.19684789258],
    [3, 0, 0]
  ],
  ":": [
    [0, 0, 0],
    [1, 58.569572946691, 138.26284945386],
    [4, 58.569572946691, 143.27666492896],
    [5, 54.942284797874, 146.83404322649],
    [6, 49.99836044316, 146.83404322649],
    [4, 45.019551049462, 146.83404322649],
    [5, 41.427185734904, 142.99658303685],
    [6, 41.427185734904, 138.26284945386],
    [4, 41.427185734904, 133.24904531735],
    [5, 45.264615613678, 129.69166324029],
    [6, 49.99836044316, 129.69165190171],
    [4, 54.767103697451, 129.69164056312],
    [5, 58.569572946691, 133.31904972739],
    [6, 58.569572946691, 138.26284945386],
    [3, 0, 0],
    [0, 0, 0],
    [1, 58.569572946691, 81.108171053549],
    [4, 58.569572946691, 86.121986528645],
    [5, 54.942284797874, 89.679364826178],
    [6, 49.99836044316, 89.679364826178],
    [4, 45.019551049462, 89.679364826178],
    [5, 41.427185734904, 85.841904636533],
    [6, 41.427185734904, 81.108171053549],
    [4, 41.427185734904, 76.094366917037],
    [5, 45.264615613678, 72.536984839976],
    [6, 49.99836044316, 72.536973501393],
    [4, 54.767103697451, 72.53696216281],
    [5, 58.569572946691, 76.164371327072],
    [6, 58.569572946691, 81.108171053549],
    [3, 0, 0]
  ]
}
