{
  "0": [
    [0, 0, 0],
    [1, 96.63930830411186, 100.63617764580441],
    [2, 82.98009553360282, 170.22499112093513],
    [2, 49.99615811018498, 199.04963400376363],
    [2, 17.01600021437389, 170.22499112093513],
    [2, 3.3530079162580932, 100.63617764580441],
    [2, 17.01600021437389, 31.047137399017288],
    [2, 49.99615811018498, 2.2225701067409034],
    [2, 82.98009553360282, 31.047137399017288],
    [2, 96.63930830411186, 100.63617764580441],
    [3, 0, 0
    ]
  ],
  "1": [
    [0, 0, 0],
    [1, 42.31691391895083, 18.0017955023838],
    [2, 57.67846371878056, 2.1864416023487365],
    [2, 57.67846371878056, 199.08793838219898],
    [3, 0, 0
    ]
  ],
  "2": [
    [0, 0, 0],
    [1, 96.09505632875118, 199.08792061841922],
    [2, 3.9010394192254125, 199.08792061841922],
    [2, 18.30481912824871, 166.59290288620036],
    [2, 81.691276619728, 88.26011449776023],
    [2, 96.09505632875118, 49.670003775367306],
    [2, 83.3845049875166, 14.82691672222802],
    [2, 55.41222117054451, 2.2437354613382468],
    [2, 27.443716881179057, 11.537593846142244],
    [2, 14.72938601233784, 42.32638163560553],
    [3, 0, 0
    ]
  ],
  "3": [
    [0, 0, 0],
    [1, 13.674897810076686, 2.2203023901768972],
    [2, 95.01411143324322, 2.2203023901768972],
    [2, 53.48844161874899, 87.75441370398762],
    [2, 83.51678845375022, 102.21866585471753],
    [2, 96.15552877045809, 125.76500945844967],
    [2, 94.71552875231646, 152.77755783025978],
    [2, 82.51143411037583, 177.64038648994756],
    [2, 62.86167008329335, 194.7375331620366],
    [2, 39.07710285451276, 198.4530355710506],
    [2, 14.476157662691207, 183.1710070320653],
    [3, 0, 0
    ]
  ],
  "4": [
    [0, 0, 0],
    [1, 76.81375844804302, 198.75783028355195],
    [2, 76.81375844804302, 2.1864416023487365],
    [2, 10.116283592015634, 150.46389581685946],
    [2, 90.37315389445985, 150.46389581685946],
    [3, 0, 0
    ]
  ],
  "5": [
    [0, 0, 0],
    [1, 82.74576482198916, 2.1749480588968595],
    [2, 24.832063304969438, 2.1749480588968595],
    [2, 17.590488410587795, 75.27441354676],
    [2, 36.18576423540901, 67.0478937580799],
    [2, 65.36749688651582, 69.55447646682411],
    [2, 84.30670972354426, 90.96361059481198],
    [2, 93.52875708382146, 123.6236425023381],
    [2, 91.61631611484597, 161.5312121137699],
    [2, 71.53568594060289, 190.2969283816828],
    [2, 42.16497690916253, 198.70240880253877],
    [2, 27.519307433312406, 193.0023142425379],
    [2, 14.77474034361785, 179.49080541089762],
    [2, 5.341039437367044, 157.26083347729292],
    [3, 0, 0
    ]
  ],
  "6": [
    [0, 0, 0],
    [1, 95.64177783932405, 145.332674070312],
    [2, 82.2712926014604, 183.3343982857773],
    [2, 49.99734134024709, 199.07521030137093],
    [2, 17.723036081542716, 183.3343982857773],
    [2, 4.35432083113443, 145.332674070312],
    [2, 17.723036081542716, 107.33094985484672],
    [2, 49.99734134024709, 91.5901378392532],
    [2, 82.2712926014604, 107.33094985484684],
    [2, 95.64177783932399, 145.332674070312],
    [3, 0, 0],
    [0, 0, 0],
    [1, 58.918078115311005, 2.196612227194919],
    [2, 21.995077803823335, 66.87279885111809],
    [2, 4.354320831134487, 145.332674070312],
    [3, 0, 0
    ]
  ],
  "7": [
    [0, 0, 0],
    [1, 0.8870551292857272, 2.241649162099378],
    [2, 98.79700281948419, 2.241649162099378],
    [2, 39.66602884618396, 199.03273157835386],
    [3, 0, 0
    ]
  ],
  "8": [
    [0, 0, 0],
    [1, 90.17166320757497, 43.12301029811431],
    [2, 78.40494800352258, 72.05563074211409],
    [2, 49.999334215988824, 84.04142502174557],
    [2, 21.5901536763472, 72.05563074211409],
    [2, 9.82343847229481, 43.12301029811431],
    [2, 21.5901536763472, 14.190389854114414],
    [2, 49.999334215988824, 2.2045955744830508],
    [2, 78.40494800352258, 14.190389854114414],
    [2, 90.17166320757497, 43.12301029811431],
    [3, 0, 0],
    [0, 0, 0],
    [1, 98.13265391246887, 141.45499535325177],
    [2, 84.03328282983193, 182.00252612399004],
    [2, 49.999334215988824, 198.79879543619415],
    [2, 15.961818850037844, 182.00252612399004],
    [2, 1.8660145195088944, 141.45499535325177],
    [2, 15.961818850037844, 100.90746458251351],
    [2, 49.99933421598894, 84.11119527030962],
    [2, 84.03328282983205, 100.90746458251351],
    [2, 98.13265391246898, 141.45499535325177],
    [3, 0, 0
    ]
  ],
  "9": [
    [0, 0, 0],
    [1, 4.34848931427365, 55.936698358015065],
    [2, 7.825135163125651, 35.36819216025242],
    [2, 32.529854850793186, 6.2777707595180345],
    [2, 67.76718288910718, 6.408989299854511],
    [2, 92.05909513688044, 35.01463109323424],
    [2, 92.05909513688044, 76.85876562279589],
    [2, 67.76718288910718, 105.4607624567218],
    [2, 32.529854850793186, 105.5956259565121],
    [2, 7.825135163125708, 76.50520455577771],
    [2, 4.348489314273706, 55.936698358015065],
    [3, 0, 0],
    [0, 0, 0],
    [1, 41.076314198174884, 199.08883594634256],
    [2, 60.44923281825464, 168.13948522417286],
    [2, 90.73534983862601, 97.22315409114606],
    [3, 0, 0
    ]
  ],
  "/": [
    [0, 0, 0],
    [1, 12.305726139284047, 199.08793838219898],
    [2, 87.68961370317129, 2.1864416023487365],
    [3, 0, 0
    ]
  ],
  "+": [
    [0, 0, 0],
    [1, 49.99768491661962, 63.56097251510957],
    [2, 49.99768491661962, 155.80994765866407],
    [3, 0, 0],
    [0, 0, 0],
    [1, 94.79867708717916, 109.68544118530474],
    [2, 5.196657776102711, 109.68544118530474],
    [3, 0, 0
    ]
  ],
  "-": [
    [0, 0, 0],
    [1, 94.79867708717916, 109.68544118530474],
    [2, 5.196657776102711, 109.68544118530474],
    [3, 0, 0
    ]
  ],
  ".": [
    [0, 0, 0],
    [1, 58.700410188348314, 190.19684649065817],
    [2, 49.99615811018498, 199.1576529027623],
    [2, 41.295685559628396, 190.19684649065817],
    [2, 49.99615811018498, 181.23604007855403],
    [2, 58.700410188348314, 190.19684649065817],
    [3, 0, 0
    ]
  ],
  ":": [
    [0, 0, 0],
    [1, 58.70242236375634, 138.26285338057514],
    [2, 49.99839985292806, 147.22363980853396],
    [2, 41.29437734209978, 138.26285338057514],
    [2, 49.99839985292806, 129.30206335231497],
    [2, 58.70242236375634, 138.26285338057514],
    [3, 0, 0],
    [0, 0, 0],
    [1, 58.70242236375634, 81.1081774695586],
    [2, 49.99839985292806, 90.06896749781875],
    [2, 41.29437734209978, 81.1081774695586],
    [2, 49.99839985292806, 72.14738744129843],
    [2, 58.70242236375634, 81.1081774695586],
    [3, 0, 0
    ]
  ]
}
