{
  "0": [
    [0, 0, 0],
    [1, 27.037331490233, 1.0835125553828],
    [2, 108.54394341472, 1.0835125553828],
    [3, 0, 0],
    [0, 0, 0],
    [1, 15.331510492365, 90.309714523582],
    [2, 26.089660297191, 8.3070218369384],
    [3, 0, 0],
    [0, 0, 0],
    [1, 2.1828067550589, 190.53410507758],
    [2, 12.940956257523, 108.5314142807],
    [3, 0, 0],
    [0, 0, 0],
    [1, 1.0830982057713, 198.91650014382],
    [2, 82.589711906637, 198.91650014382],
    [3, 0, 0],
    [0, 0, 0],
    [1, 83.689422156712, 190.53410507758],
    [2, 94.447571583586, 108.5314142807],
    [3, 0, 0],
    [0, 0, 0],
    [1, 96.838122794805, 90.309714523582],
    [2, 107.59627978073, 8.3070218369384],
    [3, 0, 0]
  ],
  "1": [
    [0, 0, 0],
    [1, 96.838122794805, 90.309714523582],
    [2, 107.59627978073, 8.3070218369384],
    [3, 0, 0],
    [0, 0, 0],
    [1, 83.689422156712, 190.53410507758],
    [2, 94.447571583586, 108.5314142807],
    [3, 0, 0]
  ],
  "2": [
    [0, 0, 0],
    [1, 27.037331490233, 1.0835125553828],
    [2, 108.54394341472, 1.0835125553828],
    [3, 0, 0],
    [0, 0, 0],
    [1, 2.1828067550589, 190.53410507758],
    [2, 12.940956257523, 108.5314142807],
    [3, 0, 0],
    [0, 0, 0],
    [1, 1.0830982057713, 198.91650014382],
    [2, 82.589711906637, 198.91650014382],
    [3, 0, 0],
    [0, 0, 0],
    [1, 96.838122794805, 90.309714523582],
    [2, 107.59627978073, 8.3070218369384],
    [3, 0, 0],
    [0, 0, 0],
    [1, 14.060214602333, 100.00000377952],
    [2, 95.566829550443, 100.00000377952],
    [3, 0, 0]
  ],
  "3": [
    [0, 0, 0],
    [1, 27.037331490233, 1.0835125553828],
    [2, 108.54394341472, 1.0835125553828],
    [3, 0, 0],
    [0, 0, 0],
    [1, 96.838122794805, 90.309714523582],
    [2, 107.59627978073, 8.3070218369384],
    [3, 0, 0],
    [0, 0, 0],
    [1, 83.689422156712, 190.53410507758],
    [2, 94.447571583586, 108.5314142807],
    [3, 0, 0],
    [0, 0, 0],
    [1, 1.0830982057713, 198.91650014382],
    [2, 82.589711906637, 198.91650014382],
    [3, 0, 0],
    [0, 0, 0],
    [1, 14.060214602333, 100.00000377952],
    [2, 95.566829550443, 100.00000377952],
    [3, 0, 0]
  ],
  "4": [
    [0, 0, 0],
    [1, 96.838122794805, 90.309714523582],
    [2, 107.59627978073, 8.3070218369384],
    [3, 0, 0],
    [0, 0, 0],
    [1, 83.689422156712, 190.53410507758],
    [2, 94.447571583586, 108.5314142807],
    [3, 0, 0],
    [0, 0, 0],
    [1, 15.331510492365, 90.309714523582],
    [2, 26.089660297191, 8.3070218369384],
    [3, 0, 0],
    [0, 0, 0],
    [1, 14.060214602333, 100.00000377952],
    [2, 95.566829550443, 100.00000377952],
    [3, 0, 0]
  ],
  "5": [
    [0, 0, 0],
    [1, 27.037331490233, 1.0835125553828],
    [2, 108.54394341472, 1.0835125553828],
    [3, 0, 0],
    [0, 0, 0],
    [1, 83.689422156712, 190.53410507758],
    [2, 94.447571583586, 108.5314142807],
    [3, 0, 0],
    [0, 0, 0],
    [1, 1.0830982057713, 198.91650014382],
    [2, 82.589711906637, 198.91650014382],
    [3, 0, 0],
    [0, 0, 0],
    [1, 15.331510492365, 90.309714523582],
    [2, 26.089660297191, 8.3070218369384],
    [3, 0, 0],
    [0, 0, 0],
    [1, 14.060214602333, 100.00000377952],
    [2, 95.566829550443, 100.00000377952],
    [3, 0, 0]
  ],
  "6": [
    [0, 0, 0],
    [1, 27.037331490233, 1.0835125553828],
    [2, 108.54394341472, 1.0835125553828],
    [3, 0, 0],
    [0, 0, 0],
    [1, 83.689422156712, 190.53410507758],
    [2, 94.447571583586, 108.5314142807],
    [3, 0, 0],
    [0, 0, 0],
    [1, 1.0830982057713, 198.91650014382],
    [2, 82.589711906637, 198.91650014382],
    [3, 0, 0],
    [0, 0, 0],
    [1, 2.1828067550589, 190.53410507758],
    [2, 12.940956257523, 108.5314142807],
    [3, 0, 0],
    [0, 0, 0],
    [1, 15.331510492365, 90.309714523582],
    [2, 26.089660297191, 8.3070218369384],
    [3, 0, 0],
    [0, 0, 0],
    [1, 14.060214602333, 100.00000377952],
    [2, 95.566829550443, 100.00000377952],
    [3, 0, 0]
  ],
  "7": [
    [0, 0, 0],
    [1, 27.037331490233, 1.0835125553828],
    [2, 108.54394341472, 1.0835125553828],
    [3, 0, 0],
    [0, 0, 0],
    [1, 96.838122794805, 90.309714523582],
    [2, 107.59627978073, 8.3070218369384],
    [3, 0, 0],
    [0, 0, 0],
    [1, 83.689422156712, 190.53410507758],
    [2, 94.447571583586, 108.5314142807],
    [3, 0, 0]
  ],
  "8": [
    [0, 0, 0],
    [1, 27.037331490233, 1.0835125553828],
    [2, 108.54394341472, 1.0835125553828],
    [3, 0, 0],
    [0, 0, 0],
    [1, 96.838122794805, 90.309714523582],
    [2, 107.59627978073, 8.3070218369384],
    [3, 0, 0],
    [0, 0, 0],
    [1, 83.689422156712, 190.53410507758],
    [2, 94.447571583586, 108.5314142807],
    [3, 0, 0],
    [0, 0, 0],
    [1, 1.0830982057713, 198.91650014382],
    [2, 82.589711906637, 198.91650014382],
    [3, 0, 0],
    [0, 0, 0],
    [1, 2.1828067550589, 190.53410507758],
    [2, 12.940956257523, 108.5314142807],
    [3, 0, 0],
    [0, 0, 0],
    [1, 15.331510492365, 90.309714523582],
    [2, 26.089660297191, 8.3070218369384],
    [3, 0, 0],
    [0, 0, 0],
    [1, 14.060214602333, 100.00000377952],
    [2, 95.566829550443, 100.00000377952],
    [3, 0, 0]
  ],
  "9": [
    [0, 0, 0],
    [1, 27.037331490233, 1.0835125553828],
    [2, 108.54394341472, 1.0835125553828],
    [3, 0, 0],
    [0, 0, 0],
    [1, 96.838122794805, 90.309714523582],
    [2, 107.59627978073, 8.3070218369384],
    [3, 0, 0],
    [0, 0, 0],
    [1, 83.689422156712, 190.53410507758],
    [2, 94.447571583586, 108.5314142807],
    [3, 0, 0],
    [0, 0, 0],
    [1, 1.0830982057713, 198.91650014382],
    [2, 82.589711906637, 198.91650014382],
    [3, 0, 0],
    [0, 0, 0],
    [1, 15.331510492365, 90.309714523582],
    [2, 26.089660297191, 8.3070218369384],
    [3, 0, 0],
    [0, 0, 0],
    [1, 14.060214602333, 100.00000377952],
    [2, 95.566829550443, 100.00000377952],
    [3, 0, 0]
  ],
  "/": [
    [0, 0, 0],
    [1, 64.1324795481221, 82.8440060830694],
    [2, 103.60921075412593, 10.168235844638616],
    [3, 0, 0],
    [0, 0, 0],
    [1, 10.402064257033292, 181.76048732925568],
    [2, 49.87879621894264, 109.08471822468319],
    [3, 0, 0]
  ],
  "+": [
    [0, 0, 0],
    [1, 14.060214602333, 100.00000377952],
    [2, 95.566829550443, 100.00000377952],
    [3, 0, 0],
    [0, 0, 0],
    [1, 49.43444471728154, 141.00135106772558],
    [2, 60.19260170321047, 58.998656491318314],
    [3, 0, 0]
  ],
  "-": [
    [0, 0, 0],
    [1, 14.060214602333, 100.00000377952],
    [2, 95.566829550443, 100.00000377952],
    [3, 0, 0]
  ],
  ".": [
    [0, 0, 0],
    [1, 44.833272375847, 198.91650014382],
    [2, 45.5487520699, 192.27462667432],
    [3, 0, 0]
  ],
  ":": [
    [0, 0, 0],
    [1, 53.82147658357178, 127.14254900336348],
    [2, 54.53696005715264, 120.50067931338755],
    [3, 0, 0],
    [0, 0, 0],
    [1, 59.9160404398809, 79.49932824565633],
    [2, 60.63152391346176, 72.85745855568038],
    [3, 0, 0]
  ]
}
